pair_index,diam,status,path_len_cells_or_inf
0,1,blocked,inf
1,1,ok,386.81327522309766
2,1,ok,920.707719525827
3,1,blocked,inf
4,1,ok,729.5828278447987
5,1,ok,289.6812408671323
6,1,ok,147.85281374238562
7,1,ok,792.9970414071717
8,1,blocked,inf
9,1,ok,403.4386001800131
10,1,blocked,inf
11,1,blocked,inf
12,1,ok,691.4011537017793
13,1,blocked,inf
14,1,ok,657.8355697996832
15,1,ok,725.9898987322347
16,1,blocked,inf
17,1,blocked,inf
18,1,ok,273.32085117392154
19,1,blocked,inf
20,1,ok,401.6518036156095
21,1,blocked,inf
22,1,ok,742.4579361637702
23,1,ok,254.77669529663754
24,1,blocked,inf
25,1,ok,552.1635636485428
26,1,ok,598.2325394193533
27,1,blocked,inf
28,1,no_path,inf
29,1,ok,453.44069222106725
30,1,ok,428.5462479183386
31,1,blocked,inf
32,1,ok,863.3940110268423
33,1,blocked,inf
34,1,blocked,inf
35,1,ok,470.592929112564
36,1,ok,233.02438661763972
37,1,ok,501.71782079359235
38,1,ok,930.2031021678313
39,1,ok,239.29141392239887
40,1,ok,141.6518036156089
41,1,ok,531.9777054234141
42,1,blocked,inf
43,1,ok,325.61731573020364
44,1,ok,909.2590180780489
45,1,ok,839.8519471906127
46,1,blocked,inf
47,1,ok,317.4507934888329
48,1,ok,987.830519165801
49,1,blocked,inf
50,1,ok,518.5655839020957
51,1,ok,253.3086578651019
52,1,blocked,inf
53,1,ok,204.74011537017765
54,1,ok,451.5117600329332
55,1,blocked,inf
56,1,ok,595.2346314604083
57,1,ok,372.0487732352797
58,1,blocked,inf
59,1,ok,787.1858582251282
60,1,blocked,inf
61,1,ok,900.6295090390239
62,1,ok,916.2741699796967
63,1,blocked,inf
64,1,ok,748.2640687119311
65,1,blocked,inf
66,1,blocked,inf
67,1,blocked,inf
68,1,ok,342.82337649086315
69,1,ok,567.0071426749373
70,1,ok,642.6051224213842
71,1,ok,463.1320343559657
72,1,blocked,inf
73,1,ok,539.7178207935925
74,1,blocked,inf
75,1,ok,418.63455967290656
76,1,blocked,inf
77,1,ok,899.6509370638363
78,1,blocked,inf
79,1,ok,516.3868683519048
80,1,ok,637.2914139223991
81,1,ok,218.30865786510176
82,1,ok,290.32085117392177
83,1,blocked,inf
84,1,blocked,inf
85,1,blocked,inf
86,1,ok,280.5391052434012
87,1,blocked,inf
88,1,ok,707.9482681718919
89,1,blocked,inf
90,1,ok,462.0660171779828
91,1,blocked,inf
92,1,ok,1038.8691911333153
93,1,blocked,inf
94,1,ok,1065.6143571373761
95,1,blocked,inf
96,1,ok,283.64675298172637
97,1,ok,1131.2245301926432
98,1,ok,597.1320343559655
99,1,blocked,inf
100,1,ok,335.5584412271582
101,1,ok,129.02438661763938
102,1,ok,142.55129855222066
103,1,ok,841.1614716074882
104,1,ok,787.9015869776663
105,1,ok,474.9015869776659
106,1,blocked,inf
107,1,ok,1223.7951647286225
108,1,ok,886.9108216936584
109,1,blocked,inf
110,1,ok,487.1614716074882
111,1,ok,563.1564209736053
112,1,ok,713.0142853498743
113,1,ok,337.007142674937
114,1,ok,725.374675043085
115,1,ok,527.4945160902301
116,1,ok,806.7766952966382
117,1,ok,259.8772003600255
118,1,ok,732.1046891454974
119,1,ok,619.2031021678312
120,1,ok,628.707719525827
121,1,ok,361.7888886054576
122,1,blocked,inf
123,1,ok,762.8569978244955
124,1,ok,954.0651506262093
125,1,ok,632.8477631085036
126,1,ok,892.0407640085697
127,1,ok,135.8406204335659
128,1,blocked,inf
129,1,blocked,inf
130,1,ok,903.2691193458139
131,1,ok,875.7787873376928
132,1,blocked,inf
133,1,ok,675.6904755831241
134,1,blocked,inf
135,1,ok,1009.4457428549505
136,1,ok,355.72287142747496
137,1,ok,226.40916292849
138,1,ok,274.3380951166244
139,1,ok,328.4335495461299
140,1,ok,877.4549775709424
141,1,ok,389.23759005323643
142,1,ok,1007.7392488184045
143,1,ok,1303.3098833543838
144,1,ok,771.058007951272
145,1,ok,1100.3199846221487
146,1,ok,1024.5067093990504
147,1,blocked,inf
148,1,blocked,inf
149,1,blocked,inf
150,1,blocked,inf
151,1,blocked,inf
152,1,ok,69.45584412271569
153,1,ok,894.5016587651679
154,1,ok,423.18585822512796
155,1,blocked,inf
156,1,ok,357.77669529663785
157,1,blocked,inf
158,1,ok,922.8549057834408
159,1,ok,551.1930009000654
160,1,ok,106.52691193458112
161,1,ok,801.04877323528
162,1,ok,276.50461735799536
163,1,blocked,inf
164,1,ok,370.835569799683
165,1,ok,576.9381669041263
166,1,ok,782.5878784786814
167,1,blocked,inf
168,1,ok,728.3401871576793
169,1,ok,599.3645737753194
170,1,ok,473.0975464705598
171,1,ok,476.23253941935366
172,1,ok,588.0041840821088
173,1,ok,904.1025971044428
174,1,ok,766.4600282048251
175,1,ok,597.6467529817268
176,1,ok,892.4722215136453
177,1,blocked,inf
178,1,ok,376.6396103067896
179,1,ok,275.2203461105334
180,1,ok,290.1909088590107
181,1,ok,1277.13831047913
182,1,ok,727.3006486383914
183,1,ok,832.2245301926431
184,1,ok,711.2914139223993
185,1,ok,1165.1727983645353
186,1,ok,921.0214280248118
187,1,ok,308.9238815542516
188,1,ok,552.7523086789979
189,1,blocked,inf
190,1,blocked,inf
191,1,ok,307.36248173426463
192,1,ok,501.1269837220826
193,1,ok,986.0975464705598
194,1,blocked,inf
195,1,ok,633.4995667241133
196,1,blocked,inf
197,1,ok,519.8843430349633
198,1,ok,546.2985565973366
199,1,blocked,inf
200,1,ok,732.8132752230981
201,1,blocked,inf
202,1,blocked,inf
203,1,ok,1050.685424949242
204,1,blocked,inf
205,1,ok,344.99494936611694
206,1,ok,822.7056274847724
207,1,ok,338.7228714274749
208,1,ok,507.23759005323654
209,1,blocked,inf
210,1,ok,238.11984104714503
211,1,blocked,inf
212,1,ok,993.5777772109163
213,1,ok,257.4680374315355
214,1,ok,549.5584412271585
215,1,ok,142.4091629284897
216,1,ok,169.9655121145938
217,1,ok,299.01933598375683
218,1,ok,391.600071787501
219,1,ok,832.3839097590769
220,1,blocked,inf
221,1,ok,156.4558441227157
222,1,blocked,inf
223,1,ok,537.3919189857874
224,1,blocked,inf
225,1,ok,140.63961030678928
226,1,ok,1084.4377336282396
227,1,blocked,inf
228,1,ok,526.4528855298872
229,1,ok,843.0193359837572
230,1,ok,628.2081528017137
231,1,ok,1020.2834046956887
232,1,ok,731.7960312803949
233,1,blocked,inf
234,1,ok,208.93607486307127
235,1,ok,697.8620484583778
236,1,blocked,inf
237,1,ok,87.08326112068517
238,1,ok,537.9310242291891
239,1,ok,852.0702012600921
240,1,ok,939.9625535217663
241,1,blocked,inf
242,1,blocked,inf
243,1,blocked,inf
244,1,blocked,inf
245,1,ok,793.0559159102175
246,1,ok,126.29646455628153
247,1,ok,923.2001435750033
248,1,blocked,inf
249,1,ok,725.523953341753
250,1,ok,325.3380951166245
251,1,ok,662.6589462905466
252,1,ok,733.3523804664997
253,1,ok,537.1686142824257
254,1,ok,513.5655839020957
255,1,ok,481.98989873223445
256,1,blocked,inf
257,1,ok,963.3452377915621
258,1,ok,920.2741699796965
259,1,blocked,inf
260,1,ok,289.5756851698609
261,1,ok,569.0924958366774
262,1,ok,246.93607486307127
263,1,blocked,inf
264,1,blocked,inf
265,1,blocked,inf
266,1,ok,208.90663761154838
267,1,blocked,inf
268,1,ok,910.7098115668817
269,1,blocked,inf
270,1,ok,710.6488450227816
271,1,blocked,inf
272,1,blocked,inf
273,1,ok,333.61017305526684
274,1,ok,578.1198410471454
275,1,ok,1032.9898987322345
276,1,ok,1042.2316728675805
277,1,ok,921.3422791987341
278,1,ok,980.2194795587604
279,1,ok,835.8620484583781
280,1,ok,294.5929291125639
281,1,ok,478.82546853191786
282,1,ok,666.9036790187208
283,1,ok,313.99494936611694
284,1,ok,739.4650788387077
285,1,ok,617.5046173579954
286,1,ok,720.4823227814104
287,1,blocked,inf
288,1,ok,31.45584412271572
289,1,blocked,inf
290,1,blocked,inf
291,1,ok,968.4062043356626
292,1,blocked,inf
293,1,ok,737.8864350760182
294,1,ok,790.2102448427684
295,1,ok,385.5706345359782
296,1,ok,1024.6437943888989
297,1,ok,790.0041840821095
298,1,ok,498.5117600329329
299,1,blocked,inf
0,2,blocked,inf
1,2,ok,386.81327522309766
2,2,ok,920.707719525827
3,2,blocked,inf
4,2,ok,729.5828278447987
5,2,ok,289.6812408671323
6,2,ok,147.85281374238562
7,2,ok,792.9970414071717
8,2,blocked,inf
9,2,ok,403.4386001800131
10,2,blocked,inf
11,2,blocked,inf
12,2,ok,691.4011537017793
13,2,blocked,inf
14,2,ok,657.8355697996832
15,2,ok,725.9898987322347
16,2,blocked,inf
17,2,blocked,inf
18,2,ok,273.32085117392154
19,2,blocked,inf
20,2,ok,401.6518036156095
21,2,blocked,inf
22,2,ok,742.4579361637702
23,2,ok,254.77669529663754
24,2,blocked,inf
25,2,ok,552.1635636485428
26,2,ok,598.2325394193533
27,2,blocked,inf
28,2,no_path,inf
29,2,ok,453.44069222106725
30,2,ok,428.5462479183386
31,2,blocked,inf
32,2,ok,863.3940110268423
33,2,blocked,inf
34,2,blocked,inf
35,2,ok,470.592929112564
36,2,ok,233.02438661763972
37,2,ok,501.71782079359235
38,2,ok,930.2031021678313
39,2,ok,239.29141392239887
40,2,ok,141.6518036156089
41,2,ok,531.9777054234141
42,2,blocked,inf
43,2,ok,325.61731573020364
44,2,ok,909.2590180780489
45,2,ok,839.8519471906127
46,2,blocked,inf
47,2,ok,317.4507934888329
48,2,ok,987.830519165801
49,2,blocked,inf
50,2,ok,518.5655839020957
51,2,ok,253.3086578651019
52,2,blocked,inf
53,2,ok,204.74011537017765
54,2,ok,451.5117600329332
55,2,blocked,inf
56,2,ok,595.2346314604083
57,2,ok,372.0487732352797
58,2,blocked,inf
59,2,ok,787.1858582251282
60,2,blocked,inf
61,2,ok,900.6295090390239
62,2,ok,916.2741699796967
63,2,blocked,inf
64,2,ok,748.2640687119311
65,2,blocked,inf
66,2,blocked,inf
67,2,blocked,inf
68,2,ok,342.82337649086315
69,2,ok,567.0071426749373
70,2,ok,642.6051224213842
71,2,ok,463.1320343559657
72,2,blocked,inf
73,2,ok,539.7178207935925
74,2,blocked,inf
75,2,ok,418.63455967290656
76,2,blocked,inf
77,2,ok,899.6509370638363
78,2,blocked,inf
79,2,ok,516.3868683519048
80,2,ok,637.2914139223991
81,2,ok,218.30865786510176
82,2,ok,290.32085117392177
83,2,blocked,inf
84,2,blocked,inf
85,2,blocked,inf
86,2,ok,280.5391052434012
87,2,blocked,inf
88,2,ok,707.9482681718919
89,2,blocked,inf
90,2,ok,462.0660171779828
91,2,blocked,inf
92,2,ok,1038.8691911333153
93,2,blocked,inf
94,2,ok,1065.6143571373761
95,2,blocked,inf
96,2,ok,283.64675298172637
97,2,ok,1131.2245301926432
98,2,ok,597.1320343559655
99,2,blocked,inf
100,2,ok,335.5584412271582
101,2,ok,129.02438661763938
102,2,ok,142.55129855222066
103,2,ok,841.1614716074882
104,2,ok,787.9015869776663
105,2,ok,474.9015869776659
106,2,blocked,inf
107,2,ok,1223.7951647286225
108,2,ok,886.9108216936584
109,2,blocked,inf
110,2,ok,487.1614716074882
111,2,ok,563.1564209736053
112,2,ok,713.0142853498743
113,2,ok,337.007142674937
114,2,ok,725.374675043085
115,2,ok,527.4945160902301
116,2,ok,806.7766952966382
117,2,ok,259.8772003600255
118,2,ok,732.1046891454974
119,2,ok,619.2031021678312
120,2,ok,628.707719525827
121,2,ok,361.7888886054576
122,2,blocked,inf
123,2,ok,762.8569978244955
124,2,ok,954.0651506262093
125,2,ok,632.8477631085036
126,2,ok,892.0407640085697
127,2,ok,135.8406204335659
128,2,blocked,inf
129,2,blocked,inf
130,2,ok,903.2691193458139
131,2,ok,875.7787873376928
132,2,blocked,inf
133,2,ok,675.6904755831241
134,2,blocked,inf
135,2,ok,1009.4457428549505
136,2,ok,355.72287142747496
137,2,ok,226.40916292849
138,2,ok,274.3380951166244
139,2,ok,328.4335495461299
140,2,ok,877.4549775709424
141,2,ok,389.23759005323643
142,2,ok,1007.7392488184045
143,2,ok,1303.3098833543838
144,2,ok,771.058007951272
145,2,ok,1100.3199846221487
146,2,ok,1024.5067093990504
147,2,blocked,inf
148,2,blocked,inf
149,2,blocked,inf
150,2,blocked,inf
151,2,blocked,inf
152,2,ok,69.45584412271569
153,2,ok,894.5016587651679
154,2,ok,423.18585822512796
155,2,blocked,inf
156,2,ok,357.77669529663785
157,2,blocked,inf
158,2,ok,922.8549057834408
159,2,ok,551.1930009000654
160,2,ok,106.52691193458112
161,2,ok,801.04877323528
162,2,ok,276.50461735799536
163,2,blocked,inf
164,2,ok,370.835569799683
165,2,ok,576.9381669041263
166,2,ok,782.5878784786814
167,2,blocked,inf
168,2,ok,728.3401871576793
169,2,ok,599.3645737753194
170,2,ok,473.0975464705598
171,2,ok,476.23253941935366
172,2,ok,588.0041840821088
173,2,ok,904.1025971044428
174,2,ok,766.4600282048251
175,2,ok,597.6467529817268
176,2,ok,892.4722215136453
177,2,blocked,inf
178,2,ok,376.6396103067896
179,2,ok,275.2203461105334
180,2,ok,290.1909088590107
181,2,ok,1277.13831047913
182,2,ok,727.3006486383914
183,2,ok,832.2245301926431
184,2,ok,711.2914139223993
185,2,ok,1165.1727983645353
186,2,ok,921.0214280248118
187,2,ok,308.9238815542516
188,2,ok,552.7523086789979
189,2,blocked,inf
190,2,blocked,inf
191,2,ok,307.36248173426463
192,2,ok,501.1269837220826
193,2,ok,986.0975464705598
194,2,blocked,inf
195,2,ok,633.4995667241133
196,2,blocked,inf
197,2,ok,519.8843430349633
198,2,ok,546.2985565973366
199,2,blocked,inf
200,2,ok,732.8132752230981
201,2,blocked,inf
202,2,blocked,inf
203,2,ok,1050.685424949242
204,2,blocked,inf
205,2,ok,344.99494936611694
206,2,ok,822.7056274847724
207,2,ok,338.7228714274749
208,2,ok,507.23759005323654
209,2,blocked,inf
210,2,ok,238.11984104714503
211,2,blocked,inf
212,2,ok,993.5777772109163
213,2,ok,257.4680374315355
214,2,ok,549.5584412271585
215,2,ok,142.4091629284897
216,2,ok,169.9655121145938
217,2,ok,299.01933598375683
218,2,ok,391.600071787501
219,2,ok,832.3839097590769
220,2,blocked,inf
221,2,ok,156.4558441227157
222,2,blocked,inf
223,2,ok,537.3919189857874
224,2,blocked,inf
225,2,ok,140.63961030678928
226,2,ok,1084.4377336282396
227,2,blocked,inf
228,2,ok,526.4528855298872
229,2,ok,843.0193359837572
230,2,ok,628.2081528017137
231,2,ok,1020.2834046956887
232,2,ok,731.7960312803949
233,2,blocked,inf
234,2,ok,208.93607486307127
235,2,ok,697.8620484583778
236,2,blocked,inf
237,2,ok,87.08326112068517
238,2,ok,537.9310242291891
239,2,ok,852.0702012600921
240,2,ok,939.9625535217663
241,2,blocked,inf
242,2,blocked,inf
243,2,blocked,inf
244,2,blocked,inf
245,2,ok,793.0559159102175
246,2,ok,126.29646455628153
247,2,ok,923.2001435750033
248,2,blocked,inf
249,2,ok,725.523953341753
250,2,ok,325.3380951166245
251,2,ok,662.6589462905466
252,2,ok,733.3523804664997
253,2,ok,537.1686142824257
254,2,ok,513.5655839020957
255,2,ok,481.98989873223445
256,2,blocked,inf
257,2,ok,963.3452377915621
258,2,ok,920.2741699796965
259,2,blocked,inf
260,2,ok,289.5756851698609
261,2,ok,569.0924958366774
262,2,ok,246.93607486307127
263,2,blocked,inf
264,2,blocked,inf
265,2,blocked,inf
266,2,ok,208.90663761154838
267,2,blocked,inf
268,2,ok,910.7098115668817
269,2,blocked,inf
270,2,ok,710.6488450227816
271,2,blocked,inf
272,2,blocked,inf
273,2,ok,333.61017305526684
274,2,ok,578.1198410471454
275,2,ok,1032.9898987322345
276,2,ok,1042.2316728675805
277,2,ok,921.3422791987341
278,2,ok,980.2194795587604
279,2,ok,835.8620484583781
280,2,ok,294.5929291125639
281,2,ok,478.82546853191786
282,2,ok,666.9036790187208
283,2,ok,313.99494936611694
284,2,ok,739.4650788387077
285,2,ok,617.5046173579954
286,2,ok,720.4823227814104
287,2,blocked,inf
288,2,ok,31.45584412271572
289,2,blocked,inf
290,2,blocked,inf
291,2,ok,968.4062043356626
292,2,blocked,inf
293,2,ok,737.8864350760182
294,2,ok,790.2102448427684
295,2,ok,385.5706345359782
296,2,ok,1024.6437943888989
297,2,ok,790.0041840821095
298,2,ok,498.5117600329329
299,2,blocked,inf
0,3,blocked,inf
1,3,ok,402.28636328851627
2,3,ok,991.2518754031113
3,3,blocked,inf
4,3,ok,754.7371567773497
5,3,ok,300.7939392393404
6,3,ok,150.58073580374355
7,3,ok,828.6366517139618
8,3,blocked,inf
9,3,blocked,inf
10,3,blocked,inf
11,3,blocked,inf
12,3,ok,739.477272147528
13,3,blocked,inf
14,3,blocked,inf
15,3,ok,771.1269837220829
16,3,blocked,inf
17,3,blocked,inf
18,3,blocked,inf
19,3,blocked,inf
20,3,blocked,inf
21,3,blocked,inf
22,3,ok,777.4112549695449
23,3,ok,260.29141392239893
24,3,blocked,inf
25,3,ok,604.239682094291
26,3,blocked,inf
27,3,blocked,inf
28,3,blocked,inf
29,3,ok,470.22748878547077
30,3,ok,446.6883835420698
31,3,blocked,inf
32,3,blocked,inf
33,3,blocked,inf
34,3,blocked,inf
35,3,blocked,inf
36,3,ok,244.8233764908632
37,3,blocked,inf
38,3,ok,970.9381669041262
39,3,ok,251.149278298668
40,3,blocked,inf
41,3,blocked,inf
42,3,blocked,inf
43,3,ok,331.71782079359195
44,3,ok,947.7026688919445
45,3,ok,912.1707063234804
46,3,blocked,inf
47,3,ok,344.9655121145944
48,3,ok,1031.1097397793803
49,3,blocked,inf
50,3,ok,537.3523804664991
51,3,ok,305.3330444827416
52,3,blocked,inf
53,3,blocked,inf
54,3,blocked,inf
55,3,blocked,inf
56,3,blocked,inf
57,3,blocked,inf
58,3,blocked,inf
59,3,blocked,inf
60,3,blocked,inf
61,3,blocked,inf
62,3,ok,958.3818177180224
63,3,blocked,inf
64,3,ok,810.8498551495582
65,3,blocked,inf
66,3,blocked,inf
67,3,blocked,inf
68,3,ok,392.46298679765283
69,3,blocked,inf
70,3,blocked,inf
71,3,ok,518.5878784786814
72,3,blocked,inf
73,3,ok,624.2691193458139
74,3,blocked,inf
75,3,ok,442.6761902332494
76,3,blocked,inf
77,3,blocked,inf
78,3,blocked,inf
79,3,ok,558.1025971044429
80,3,ok,683.1147904132628
81,3,blocked,inf
82,3,blocked,inf
83,3,blocked,inf
84,3,blocked,inf
85,3,blocked,inf
86,3,ok,303.00714267493686
87,3,blocked,inf
88,3,blocked,inf
89,3,blocked,inf
90,3,blocked,inf
91,3,blocked,inf
92,3,ok,1087.6143571373764
93,3,blocked,inf
94,3,ok,1137.5138520739877
95,3,blocked,inf
96,3,ok,325.2619766708763
97,3,ok,1157.3666658163743
98,3,blocked,inf
99,3,blocked,inf
100,3,blocked,inf
101,3,ok,272.42135623730996
102,3,ok,148.4091629284897
103,3,blocked,inf
104,3,blocked,inf
105,3,ok,554.641702347844
106,3,blocked,inf
107,3,ok,1290.7169542418196
108,3,blocked,inf
109,3,blocked,inf
110,3,blocked,inf
111,3,ok,607.0559159102172
112,3,ok,748.1513703397228
113,3,blocked,inf
114,3,ok,774.6538956566642
115,3,blocked,inf
116,3,blocked,inf
117,3,ok,287.149278298668
118,3,blocked,inf
119,3,ok,649.9137802864861
120,3,blocked,inf
121,3,ok,391.5462479183384
122,3,blocked,inf
123,3,ok,798.7737367038098
124,3,blocked,inf
125,3,no_path,inf
126,3,blocked,inf
127,3,ok,137.98275605729685
128,3,blocked,inf
129,3,blocked,inf
130,3,ok,951.3767670841396
131,3,blocked,inf
132,3,blocked,inf
133,3,blocked,inf
134,3,blocked,inf
135,3,blocked,inf
136,3,ok,420.0487732352797
137,3,ok,246.10764773832508
138,3,ok,296.279220613579
139,3,ok,371.7472580451152
140,3,blocked,inf
141,3,ok,462.67619023324966
142,3,ok,1045.396103067897
143,3,blocked,inf
144,3,ok,787.0163773909292
145,3,ok,1144.5798692519713
146,3,ok,1065.8620484583785
147,3,blocked,inf
148,3,blocked,inf
149,3,blocked,inf
150,3,blocked,inf
151,3,blocked,inf
152,3,ok,133.5979797464466
153,3,ok,933.489465456348
154,3,ok,505.955410846829
155,3,blocked,inf
156,3,ok,380.70562748477187
157,3,blocked,inf
158,3,ok,958.979797464469
159,3,ok,615.9970414071719
160,3,blocked,inf
161,3,blocked,inf
162,3,ok,288.3624817342644
163,3,blocked,inf
164,3,ok,401.7888886054577
165,3,blocked,inf
166,3,ok,832.8965363437837
167,3,blocked,inf
168,3,ok,748.1808075912456
169,3,ok,629.5239533417531
170,3,ok,512.1442276647853
171,3,ok,500.2914139223995
172,3,ok,655.8376618407378
173,3,ok,968.7544007200526
174,3,ok,797.4062043356626
175,3,blocked,inf
176,3,ok,922.77373670381
177,3,blocked,inf
178,3,ok,383.50966799187864
179,3,blocked,inf
180,3,ok,297.7472580451148
181,3,blocked,inf
182,3,ok,793.6366517139618
183,3,blocked,inf
184,3,ok,761.541197284456
185,3,ok,1211.2316728675808
186,3,ok,963.3889603929597
187,3,blocked,inf
188,3,blocked,inf
189,3,blocked,inf
190,3,blocked,inf
191,3,blocked,inf
192,3,ok,523.4701294725902
193,3,blocked,inf
194,3,blocked,inf
195,3,ok,704.4528855298877
196,3,blocked,inf
197,3,ok,549.967604155649
198,3,ok,566.1980515339486
199,3,blocked,inf
200,3,ok,769.2396820942912
201,3,blocked,inf
202,3,blocked,inf
203,3,ok,1110.0163773909296
204,3,blocked,inf
205,3,blocked,inf
206,3,blocked,inf
207,3,blocked,inf
208,3,ok,543.6051224213843
209,3,blocked,inf
210,3,ok,278.7056274847718
211,3,blocked,inf
212,3,ok,1032.9919907732894
213,3,ok,275.6518036156093
214,3,ok,580.8721497261433
215,3,ok,144.99494936611663
216,3,ok,183.92388155425135
217,3,ok,327.6051224213839
218,3,blocked,inf
219,3,blocked,inf
220,3,blocked,inf
221,3,ok,169.76955262170048
222,3,blocked,inf
223,3,ok,576.6883835420697
224,3,blocked,inf
225,3,ok,145.4680374315355
226,3,blocked,inf
227,3,blocked,inf
228,3,ok,546.1686142824252
229,3,ok,936.6072144624391
230,3,ok,661.4041122946074
231,3,ok,1079.111831820435
232,3,ok,754.1391770309027
233,3,blocked,inf
234,3,ok,239.05382386916244
235,3,ok,791.5361466505732
236,3,blocked,inf
237,3,ok,87.91168824543135
238,3,ok,637.244732728174
239,3,blocked,inf
240,3,ok,1010.1879502661831
241,3,blocked,inf
242,3,blocked,inf
243,3,blocked,inf
244,3,blocked,inf
245,3,blocked,inf
246,3,blocked,inf
247,3,ok,959.6021638285565
248,3,blocked,inf
249,3,ok,795.9503602129464
250,3,blocked,inf
251,3,ok,701.8549057834406
252,3,blocked,inf
253,3,ok,560.683332908187
254,3,blocked,inf
255,3,ok,516.918830920369
256,3,blocked,inf
257,3,no_path,inf
258,3,ok,964.3401871576796
259,3,blocked,inf
260,3,ok,306.6051224213839
261,3,ok,636.6244584051415
262,3,blocked,inf
263,3,blocked,inf
264,3,blocked,inf
265,3,blocked,inf
266,3,ok,217.79393923934032
267,3,blocked,inf
268,3,blocked,inf
269,3,blocked,inf
270,3,blocked,inf
271,3,blocked,inf
272,3,blocked,inf
273,3,blocked,inf
274,3,ok,611.3158005400392
275,3,blocked,inf
276,3,ok,1110.5504320004482
277,3,blocked,inf
278,3,ok,1037.366665816374
279,3,ok,872.3056992722743
280,3,ok,310.00714267493714
281,3,ok,504.7838379715752
282,3,ok,711.7909806465127
283,3,blocked,inf
284,3,blocked,inf
285,3,blocked,inf
286,3,ok,763.6955262170072
287,3,blocked,inf
288,3,ok,32.62741699796953
289,3,blocked,inf
290,3,blocked,inf
291,3,blocked,inf
292,3,blocked,inf
293,3,ok,819.6366517139614
294,3,ok,808.8376618407382
295,3,ok,426.41630560342725
296,3,blocked,inf
297,3,ok,818.4478348960052
298,3,blocked,inf
299,3,blocked,inf
0,4,blocked,inf
1,4,ok,402.28636328851627
2,4,ok,991.2518754031113
3,4,blocked,inf
4,4,ok,754.7371567773497
5,4,ok,300.7939392393404
6,4,ok,150.58073580374355
7,4,ok,828.6366517139618
8,4,blocked,inf
9,4,blocked,inf
10,4,blocked,inf
11,4,blocked,inf
12,4,ok,739.477272147528
13,4,blocked,inf
14,4,blocked,inf
15,4,ok,771.1269837220829
16,4,blocked,inf
17,4,blocked,inf
18,4,blocked,inf
19,4,blocked,inf
20,4,blocked,inf
21,4,blocked,inf
22,4,ok,777.4112549695449
23,4,ok,260.29141392239893
24,4,blocked,inf
25,4,ok,604.239682094291
26,4,blocked,inf
27,4,blocked,inf
28,4,blocked,inf
29,4,ok,470.22748878547077
30,4,ok,446.6883835420698
31,4,blocked,inf
32,4,blocked,inf
33,4,blocked,inf
34,4,blocked,inf
35,4,blocked,inf
36,4,ok,244.8233764908632
37,4,blocked,inf
38,4,ok,970.9381669041262
39,4,ok,251.149278298668
40,4,blocked,inf
41,4,blocked,inf
42,4,blocked,inf
43,4,ok,331.71782079359195
44,4,ok,947.7026688919445
45,4,ok,912.1707063234804
46,4,blocked,inf
47,4,ok,344.9655121145944
48,4,ok,1031.1097397793803
49,4,blocked,inf
50,4,ok,537.3523804664991
51,4,ok,305.3330444827416
52,4,blocked,inf
53,4,blocked,inf
54,4,blocked,inf
55,4,blocked,inf
56,4,blocked,inf
57,4,blocked,inf
58,4,blocked,inf
59,4,blocked,inf
60,4,blocked,inf
61,4,blocked,inf
62,4,ok,958.3818177180224
63,4,blocked,inf
64,4,ok,810.8498551495582
65,4,blocked,inf
66,4,blocked,inf
67,4,blocked,inf
68,4,ok,392.46298679765283
69,4,blocked,inf
70,4,blocked,inf
71,4,ok,518.5878784786814
72,4,blocked,inf
73,4,ok,624.2691193458139
74,4,blocked,inf
75,4,ok,442.6761902332494
76,4,blocked,inf
77,4,blocked,inf
78,4,blocked,inf
79,4,ok,558.1025971044429
80,4,ok,683.1147904132628
81,4,blocked,inf
82,4,blocked,inf
83,4,blocked,inf
84,4,blocked,inf
85,4,blocked,inf
86,4,ok,303.00714267493686
87,4,blocked,inf
88,4,blocked,inf
89,4,blocked,inf
90,4,blocked,inf
91,4,blocked,inf
92,4,ok,1087.6143571373764
93,4,blocked,inf
94,4,ok,1137.5138520739877
95,4,blocked,inf
96,4,ok,325.2619766708763
97,4,ok,1157.3666658163743
98,4,blocked,inf
99,4,blocked,inf
100,4,blocked,inf
101,4,ok,272.42135623730996
102,4,ok,148.4091629284897
103,4,blocked,inf
104,4,blocked,inf
105,4,ok,554.641702347844
106,4,blocked,inf
107,4,ok,1290.7169542418196
108,4,blocked,inf
109,4,blocked,inf
110,4,blocked,inf
111,4,ok,607.0559159102172
112,4,ok,748.1513703397228
113,4,blocked,inf
114,4,ok,774.6538956566642
115,4,blocked,inf
116,4,blocked,inf
117,4,ok,287.149278298668
118,4,blocked,inf
119,4,ok,649.9137802864861
120,4,blocked,inf
121,4,ok,391.5462479183384
122,4,blocked,inf
123,4,ok,798.7737367038098
124,4,blocked,inf
125,4,no_path,inf
126,4,blocked,inf
127,4,ok,137.98275605729685
128,4,blocked,inf
129,4,blocked,inf
130,4,ok,951.3767670841396
131,4,blocked,inf
132,4,blocked,inf
133,4,blocked,inf
134,4,blocked,inf
135,4,blocked,inf
136,4,ok,420.0487732352797
137,4,ok,246.10764773832508
138,4,ok,296.279220613579
139,4,ok,371.7472580451152
140,4,blocked,inf
141,4,ok,462.67619023324966
142,4,ok,1045.396103067897
143,4,blocked,inf
144,4,ok,787.0163773909292
145,4,ok,1144.5798692519713
146,4,ok,1065.8620484583785
147,4,blocked,inf
148,4,blocked,inf
149,4,blocked,inf
150,4,blocked,inf
151,4,blocked,inf
152,4,ok,133.5979797464466
153,4,ok,933.489465456348
154,4,ok,505.955410846829
155,4,blocked,inf
156,4,ok,380.70562748477187
157,4,blocked,inf
158,4,ok,958.979797464469
159,4,ok,615.9970414071719
160,4,blocked,inf
161,4,blocked,inf
162,4,ok,288.3624817342644
163,4,blocked,inf
164,4,ok,401.7888886054577
165,4,blocked,inf
166,4,ok,832.8965363437837
167,4,blocked,inf
168,4,ok,748.1808075912456
169,4,ok,629.5239533417531
170,4,ok,512.1442276647853
171,4,ok,500.2914139223995
172,4,ok,655.8376618407378
173,4,ok,968.7544007200526
174,4,ok,797.4062043356626
175,4,blocked,inf
176,4,ok,922.77373670381
177,4,blocked,inf
178,4,ok,383.50966799187864
179,4,blocked,inf
180,4,ok,297.7472580451148
181,4,blocked,inf
182,4,ok,793.6366517139618
183,4,blocked,inf
184,4,ok,761.541197284456
185,4,ok,1211.2316728675808
186,4,ok,963.3889603929597
187,4,blocked,inf
188,4,blocked,inf
189,4,blocked,inf
190,4,blocked,inf
191,4,blocked,inf
192,4,ok,523.4701294725902
193,4,blocked,inf
194,4,blocked,inf
195,4,ok,704.4528855298877
196,4,blocked,inf
197,4,ok,549.967604155649
198,4,ok,566.1980515339486
199,4,blocked,inf
200,4,ok,769.2396820942912
201,4,blocked,inf
202,4,blocked,inf
203,4,ok,1110.0163773909296
204,4,blocked,inf
205,4,blocked,inf
206,4,blocked,inf
207,4,blocked,inf
208,4,ok,543.6051224213843
209,4,blocked,inf
210,4,ok,278.7056274847718
211,4,blocked,inf
212,4,ok,1032.9919907732894
213,4,ok,275.6518036156093
214,4,ok,580.8721497261433
215,4,ok,144.99494936611663
216,4,ok,183.92388155425135
217,4,ok,327.6051224213839
218,4,blocked,inf
219,4,blocked,inf
220,4,blocked,inf
221,4,ok,169.76955262170048
222,4,blocked,inf
223,4,ok,576.6883835420697
224,4,blocked,inf
225,4,ok,145.4680374315355
226,4,blocked,inf
227,4,blocked,inf
228,4,ok,546.1686142824252
229,4,ok,936.6072144624391
230,4,ok,661.4041122946074
231,4,ok,1079.111831820435
232,4,ok,754.1391770309027
233,4,blocked,inf
234,4,ok,239.05382386916244
235,4,ok,791.5361466505732
236,4,blocked,inf
237,4,ok,87.91168824543135
238,4,ok,637.244732728174
239,4,blocked,inf
240,4,ok,1010.1879502661831
241,4,blocked,inf
242,4,blocked,inf
243,4,blocked,inf
244,4,blocked,inf
245,4,blocked,inf
246,4,blocked,inf
247,4,ok,959.6021638285565
248,4,blocked,inf
249,4,ok,795.9503602129464
250,4,blocked,inf
251,4,ok,701.8549057834406
252,4,blocked,inf
253,4,ok,560.683332908187
254,4,blocked,inf
255,4,ok,516.918830920369
256,4,blocked,inf
257,4,no_path,inf
258,4,ok,964.3401871576796
259,4,blocked,inf
260,4,ok,306.6051224213839
261,4,ok,636.6244584051415
262,4,blocked,inf
263,4,blocked,inf
264,4,blocked,inf
265,4,blocked,inf
266,4,ok,217.79393923934032
267,4,blocked,inf
268,4,blocked,inf
269,4,blocked,inf
270,4,blocked,inf
271,4,blocked,inf
272,4,blocked,inf
273,4,blocked,inf
274,4,ok,611.3158005400392
275,4,blocked,inf
276,4,ok,1110.5504320004482
277,4,blocked,inf
278,4,ok,1037.366665816374
279,4,ok,872.3056992722743
280,4,ok,310.00714267493714
281,4,ok,504.7838379715752
282,4,ok,711.7909806465127
283,4,blocked,inf
284,4,blocked,inf
285,4,blocked,inf
286,4,ok,763.6955262170072
287,4,blocked,inf
288,4,ok,32.62741699796953
289,4,blocked,inf
290,4,blocked,inf
291,4,blocked,inf
292,4,blocked,inf
293,4,ok,819.6366517139614
294,4,ok,808.8376618407382
295,4,ok,426.41630560342725
296,4,blocked,inf
297,4,ok,818.4478348960052
298,4,blocked,inf
299,4,blocked,inf
0,5,blocked,inf
1,5,ok,1188.0996385116152
2,5,no_path,inf
3,5,blocked,inf
4,5,blocked,inf
5,5,no_path,inf
6,5,blocked,inf
7,5,no_path,inf
8,5,blocked,inf
9,5,blocked,inf
10,5,blocked,inf
11,5,blocked,inf
12,5,ok,1078.1290757631377
13,5,blocked,inf
14,5,blocked,inf
15,5,ok,1063.5605332682135
16,5,blocked,inf
17,5,blocked,inf
18,5,blocked,inf
19,5,blocked,inf
20,5,blocked,inf
21,5,blocked,inf
22,5,blocked,inf
23,5,no_path,inf
24,5,blocked,inf
25,5,blocked,inf
26,5,blocked,inf
27,5,blocked,inf
28,5,blocked,inf
29,5,blocked,inf
30,5,ok,495.51681066681573
31,5,blocked,inf
32,5,blocked,inf
33,5,blocked,inf
34,5,blocked,inf
35,5,blocked,inf
36,5,no_path,inf
37,5,blocked,inf
38,5,no_path,inf
39,5,ok,273.93607486307167
40,5,blocked,inf
41,5,blocked,inf
42,5,blocked,inf
43,5,blocked,inf
44,5,blocked,inf
45,5,ok,2169.0794359760766
46,5,blocked,inf
47,5,blocked,inf
48,5,ok,1392.5626253092682
49,5,blocked,inf
50,5,ok,966.0874452027948
51,5,ok,571.5828278447985
52,5,blocked,inf
53,5,blocked,inf
54,5,blocked,inf
55,5,blocked,inf
56,5,blocked,inf
57,5,blocked,inf
58,5,blocked,inf
59,5,blocked,inf
60,5,blocked,inf
61,5,blocked,inf
62,5,no_path,inf
63,5,blocked,inf
64,5,no_path,inf
65,5,blocked,inf
66,5,blocked,inf
67,5,blocked,inf
68,5,ok,447.617315730204
69,5,blocked,inf
70,5,blocked,inf
71,5,blocked,inf
72,5,blocked,inf
73,5,no_path,inf
74,5,blocked,inf
75,5,ok,835.619407771259
76,5,blocked,inf
77,5,blocked,inf
78,5,blocked,inf
79,5,ok,760.9381669041263
80,5,ok,1108.1585130146605
81,5,blocked,inf
82,5,blocked,inf
83,5,blocked,inf
84,5,blocked,inf
85,5,blocked,inf
86,5,ok,828.1097397793803
87,5,blocked,inf
88,5,blocked,inf
89,5,blocked,inf
90,5,blocked,inf
91,5,blocked,inf
92,5,ok,1842.623591853369
93,5,blocked,inf
94,5,ok,1715.528137423863
95,5,blocked,inf
96,5,blocked,inf
97,5,no_path,inf
98,5,blocked,inf
99,5,blocked,inf
100,5,blocked,inf
101,5,no_path,inf
102,5,ok,252.79393923934032
103,5,blocked,inf
104,5,blocked,inf
105,5,no_path,inf
106,5,blocked,inf
107,5,ok,2373.9444430272692
108,5,blocked,inf
109,5,blocked,inf
110,5,blocked,inf
111,5,blocked,inf
112,5,no_path,inf
113,5,blocked,inf
114,5,blocked,inf
115,5,blocked,inf
116,5,blocked,inf
117,5,ok,577.7422074112325
118,5,blocked,inf
119,5,ok,798.1219330882001
120,5,blocked,inf
121,5,no_path,inf
122,5,blocked,inf
123,5,no_path,inf
124,5,blocked,inf
125,5,blocked,inf
126,5,blocked,inf
127,5,ok,156.66904755831217
128,5,blocked,inf
129,5,blocked,inf
130,5,blocked,inf
131,5,blocked,inf
132,5,blocked,inf
133,5,blocked,inf
134,5,blocked,inf
135,5,blocked,inf
136,5,blocked,inf
137,5,no_path,inf
138,5,blocked,inf
139,5,blocked,inf
140,5,blocked,inf
141,5,blocked,inf
142,5,ok,2044.363707223547
143,5,blocked,inf
144,5,ok,993.5605332682136
145,5,no_path,inf
146,5,blocked,inf
147,5,blocked,inf
148,5,blocked,inf
149,5,blocked,inf
150,5,blocked,inf
151,5,blocked,inf
152,5,no_path,inf
153,5,no_path,inf
154,5,ok,2038.6946596652344
155,5,blocked,inf
156,5,blocked,inf
157,5,blocked,inf
158,5,no_path,inf
159,5,no_path,inf
160,5,blocked,inf
161,5,blocked,inf
162,5,no_path,inf
163,5,blocked,inf
164,5,ok,454.37467504308466
165,5,blocked,inf
166,5,no_path,inf
167,5,blocked,inf
168,5,blocked,inf
169,5,no_path,inf
170,5,no_path,inf
171,5,blocked,inf
172,5,blocked,inf
173,5,ok,1225.3544725075544
174,5,ok,1511.687516990297
175,5,blocked,inf
176,5,ok,2504.968829644894
177,5,blocked,inf
178,5,ok,445.33304448274197
179,5,blocked,inf
180,5,ok,439.9310242291887
181,5,blocked,inf
182,5,blocked,inf
183,5,blocked,inf
184,5,no_path,inf
185,5,blocked,inf
186,5,blocked,inf
187,5,blocked,inf
188,5,blocked,inf
189,5,blocked,inf
190,5,blocked,inf
191,5,blocked,inf
192,5,blocked,inf
193,5,blocked,inf
194,5,blocked,inf
195,5,blocked,inf
196,5,blocked,inf
197,5,blocked,inf
198,5,blocked,inf
199,5,blocked,inf
200,5,no_path,inf
201,5,blocked,inf
202,5,blocked,inf
203,5,no_path,inf
204,5,blocked,inf
205,5,blocked,inf
206,5,blocked,inf
207,5,blocked,inf
208,5,ok,778.4650788387079
209,5,blocked,inf
210,5,blocked,inf
211,5,blocked,inf
212,5,ok,1373.3666658163747
213,5,blocked,inf
214,5,ok,959.489465456348
215,5,ok,249.32085117392162
216,5,ok,604.7838379715752
217,5,no_path,inf
218,5,blocked,inf
219,5,blocked,inf
220,5,blocked,inf
221,5,blocked,inf
222,5,blocked,inf
223,5,ok,920.335136523797
224,5,blocked,inf
225,5,blocked,inf
226,5,blocked,inf
227,5,blocked,inf
228,5,no_path,inf
229,5,blocked,inf
230,5,ok,1780.6113985445486
231,5,no_path,inf
232,5,ok,1011.2173875177058
233,5,blocked,inf
234,5,ok,331.7645019878179
235,5,ok,2174.9028124669408
236,5,blocked,inf
237,5,blocked,inf
238,5,blocked,inf
239,5,blocked,inf
240,5,blocked,inf
241,5,blocked,inf
242,5,blocked,inf
243,5,blocked,inf
244,5,blocked,inf
245,5,blocked,inf
246,5,blocked,inf
247,5,blocked,inf
248,5,blocked,inf
249,5,blocked,inf
250,5,blocked,inf
251,5,blocked,inf
252,5,blocked,inf
253,5,blocked,inf
254,5,blocked,inf
255,5,no_path,inf
256,5,blocked,inf
257,5,blocked,inf
258,5,no_path,inf
259,5,blocked,inf
260,5,no_path,inf
261,5,ok,2203.280446102856
262,5,blocked,inf
263,5,blocked,inf
264,5,blocked,inf
265,5,blocked,inf
266,5,blocked,inf
267,5,blocked,inf
268,5,blocked,inf
269,5,blocked,inf
270,5,blocked,inf
271,5,blocked,inf
272,5,blocked,inf
273,5,blocked,inf
274,5,ok,2559.909955141842
275,5,blocked,inf
276,5,no_path,inf
277,5,blocked,inf
278,5,no_path,inf
279,5,blocked,inf
280,5,blocked,inf
281,5,blocked,inf
282,5,blocked,inf
283,5,blocked,inf
284,5,blocked,inf
285,5,blocked,inf
286,5,blocked,inf
287,5,blocked,inf
288,5,blocked,inf
289,5,blocked,inf
290,5,blocked,inf
291,5,blocked,inf
292,5,blocked,inf
293,5,blocked,inf
294,5,blocked,inf
295,5,blocked,inf
296,5,blocked,inf
297,5,no_path,inf
298,5,blocked,inf
299,5,blocked,inf
0,6,blocked,inf
1,6,ok,1188.0996385116152
2,6,no_path,inf
3,6,blocked,inf
4,6,blocked,inf
5,6,no_path,inf
6,6,blocked,inf
7,6,no_path,inf
8,6,blocked,inf
9,6,blocked,inf
10,6,blocked,inf
11,6,blocked,inf
12,6,ok,1078.1290757631377
13,6,blocked,inf
14,6,blocked,inf
15,6,ok,1063.5605332682135
16,6,blocked,inf
17,6,blocked,inf
18,6,blocked,inf
19,6,blocked,inf
20,6,blocked,inf
21,6,blocked,inf
22,6,blocked,inf
23,6,no_path,inf
24,6,blocked,inf
25,6,blocked,inf
26,6,blocked,inf
27,6,blocked,inf
28,6,blocked,inf
29,6,blocked,inf
30,6,ok,495.51681066681573
31,6,blocked,inf
32,6,blocked,inf
33,6,blocked,inf
34,6,blocked,inf
35,6,blocked,inf
36,6,no_path,inf
37,6,blocked,inf
38,6,no_path,inf
39,6,ok,273.93607486307167
40,6,blocked,inf
41,6,blocked,inf
42,6,blocked,inf
43,6,blocked,inf
44,6,blocked,inf
45,6,ok,2169.0794359760766
46,6,blocked,inf
47,6,blocked,inf
48,6,ok,1392.5626253092682
49,6,blocked,inf
50,6,ok,966.0874452027948
51,6,ok,571.5828278447985
52,6,blocked,inf
53,6,blocked,inf
54,6,blocked,inf
55,6,blocked,inf
56,6,blocked,inf
57,6,blocked,inf
58,6,blocked,inf
59,6,blocked,inf
60,6,blocked,inf
61,6,blocked,inf
62,6,no_path,inf
63,6,blocked,inf
64,6,no_path,inf
65,6,blocked,inf
66,6,blocked,inf
67,6,blocked,inf
68,6,ok,447.617315730204
69,6,blocked,inf
70,6,blocked,inf
71,6,blocked,inf
72,6,blocked,inf
73,6,no_path,inf
74,6,blocked,inf
75,6,ok,835.619407771259
76,6,blocked,inf
77,6,blocked,inf
78,6,blocked,inf
79,6,ok,760.9381669041263
80,6,ok,1108.1585130146605
81,6,blocked,inf
82,6,blocked,inf
83,6,blocked,inf
84,6,blocked,inf
85,6,blocked,inf
86,6,ok,828.1097397793803
87,6,blocked,inf
88,6,blocked,inf
89,6,blocked,inf
90,6,blocked,inf
91,6,blocked,inf
92,6,ok,1842.623591853369
93,6,blocked,inf
94,6,ok,1715.528137423863
95,6,blocked,inf
96,6,blocked,inf
97,6,no_path,inf
98,6,blocked,inf
99,6,blocked,inf
100,6,blocked,inf
101,6,no_path,inf
102,6,ok,252.79393923934032
103,6,blocked,inf
104,6,blocked,inf
105,6,no_path,inf
106,6,blocked,inf
107,6,ok,2373.9444430272692
108,6,blocked,inf
109,6,blocked,inf
110,6,blocked,inf
111,6,blocked,inf
112,6,no_path,inf
113,6,blocked,inf
114,6,blocked,inf
115,6,blocked,inf
116,6,blocked,inf
117,6,ok,577.7422074112325
118,6,blocked,inf
119,6,ok,798.1219330882001
120,6,blocked,inf
121,6,no_path,inf
122,6,blocked,inf
123,6,no_path,inf
124,6,blocked,inf
125,6,blocked,inf
126,6,blocked,inf
127,6,ok,156.66904755831217
128,6,blocked,inf
129,6,blocked,inf
130,6,blocked,inf
131,6,blocked,inf
132,6,blocked,inf
133,6,blocked,inf
134,6,blocked,inf
135,6,blocked,inf
136,6,blocked,inf
137,6,no_path,inf
138,6,blocked,inf
139,6,blocked,inf
140,6,blocked,inf
141,6,blocked,inf
142,6,ok,2044.363707223547
143,6,blocked,inf
144,6,ok,993.5605332682136
145,6,no_path,inf
146,6,blocked,inf
147,6,blocked,inf
148,6,blocked,inf
149,6,blocked,inf
150,6,blocked,inf
151,6,blocked,inf
152,6,no_path,inf
153,6,no_path,inf
154,6,ok,2038.6946596652344
155,6,blocked,inf
156,6,blocked,inf
157,6,blocked,inf
158,6,no_path,inf
159,6,no_path,inf
160,6,blocked,inf
161,6,blocked,inf
162,6,no_path,inf
163,6,blocked,inf
164,6,ok,454.37467504308466
165,6,blocked,inf
166,6,no_path,inf
167,6,blocked,inf
168,6,blocked,inf
169,6,no_path,inf
170,6,no_path,inf
171,6,blocked,inf
172,6,blocked,inf
173,6,ok,1225.3544725075544
174,6,ok,1511.687516990297
175,6,blocked,inf
176,6,ok,2504.968829644894
177,6,blocked,inf
178,6,ok,445.33304448274197
179,6,blocked,inf
180,6,ok,439.9310242291887
181,6,blocked,inf
182,6,blocked,inf
183,6,blocked,inf
184,6,no_path,inf
185,6,blocked,inf
186,6,blocked,inf
187,6,blocked,inf
188,6,blocked,inf
189,6,blocked,inf
190,6,blocked,inf
191,6,blocked,inf
192,6,blocked,inf
193,6,blocked,inf
194,6,blocked,inf
195,6,blocked,inf
196,6,blocked,inf
197,6,blocked,inf
198,6,blocked,inf
199,6,blocked,inf
200,6,no_path,inf
201,6,blocked,inf
202,6,blocked,inf
203,6,no_path,inf
204,6,blocked,inf
205,6,blocked,inf
206,6,blocked,inf
207,6,blocked,inf
208,6,ok,778.4650788387079
209,6,blocked,inf
210,6,blocked,inf
211,6,blocked,inf
212,6,ok,1373.3666658163747
213,6,blocked,inf
214,6,ok,959.489465456348
215,6,ok,249.32085117392162
216,6,ok,604.7838379715752
217,6,no_path,inf
218,6,blocked,inf
219,6,blocked,inf
220,6,blocked,inf
221,6,blocked,inf
222,6,blocked,inf
223,6,ok,920.335136523797
224,6,blocked,inf
225,6,blocked,inf
226,6,blocked,inf
227,6,blocked,inf
228,6,no_path,inf
229,6,blocked,inf
230,6,ok,1780.6113985445486
231,6,no_path,inf
232,6,ok,1011.2173875177058
233,6,blocked,inf
234,6,ok,331.7645019878179
235,6,ok,2174.9028124669408
236,6,blocked,inf
237,6,blocked,inf
238,6,blocked,inf
239,6,blocked,inf
240,6,blocked,inf
241,6,blocked,inf
242,6,blocked,inf
243,6,blocked,inf
244,6,blocked,inf
245,6,blocked,inf
246,6,blocked,inf
247,6,blocked,inf
248,6,blocked,inf
249,6,blocked,inf
250,6,blocked,inf
251,6,blocked,inf
252,6,blocked,inf
253,6,blocked,inf
254,6,blocked,inf
255,6,no_path,inf
256,6,blocked,inf
257,6,blocked,inf
258,6,no_path,inf
259,6,blocked,inf
260,6,no_path,inf
261,6,ok,2203.280446102856
262,6,blocked,inf
263,6,blocked,inf
264,6,blocked,inf
265,6,blocked,inf
266,6,blocked,inf
267,6,blocked,inf
268,6,blocked,inf
269,6,blocked,inf
270,6,blocked,inf
271,6,blocked,inf
272,6,blocked,inf
273,6,blocked,inf
274,6,ok,2559.909955141842
275,6,blocked,inf
276,6,no_path,inf
277,6,blocked,inf
278,6,no_path,inf
279,6,blocked,inf
280,6,blocked,inf
281,6,blocked,inf
282,6,blocked,inf
283,6,blocked,inf
284,6,blocked,inf
285,6,blocked,inf
286,6,blocked,inf
287,6,blocked,inf
288,6,blocked,inf
289,6,blocked,inf
290,6,blocked,inf
291,6,blocked,inf
292,6,blocked,inf
293,6,blocked,inf
294,6,blocked,inf
295,6,blocked,inf
296,6,blocked,inf
297,6,no_path,inf
298,6,blocked,inf
299,6,blocked,inf
0,7,blocked,inf
1,7,no_path,inf
2,7,no_path,inf
3,7,blocked,inf
4,7,blocked,inf
5,7,blocked,inf
6,7,blocked,inf
7,7,no_path,inf
8,7,blocked,inf
9,7,blocked,inf
10,7,blocked,inf
11,7,blocked,inf
12,7,no_path,inf
13,7,blocked,inf
14,7,blocked,inf
15,7,no_path,inf
16,7,blocked,inf
17,7,blocked,inf
18,7,blocked,inf
19,7,blocked,inf
20,7,blocked,inf
21,7,blocked,inf
22,7,blocked,inf
23,7,blocked,inf
24,7,blocked,inf
25,7,blocked,inf
26,7,blocked,inf
27,7,blocked,inf
28,7,blocked,inf
29,7,blocked,inf
30,7,blocked,inf
31,7,blocked,inf
32,7,blocked,inf
33,7,blocked,inf
34,7,blocked,inf
35,7,blocked,inf
36,7,blocked,inf
37,7,blocked,inf
38,7,blocked,inf
39,7,blocked,inf
40,7,blocked,inf
41,7,blocked,inf
42,7,blocked,inf
43,7,blocked,inf
44,7,blocked,inf
45,7,no_path,inf
46,7,blocked,inf
47,7,blocked,inf
48,7,no_path,inf
49,7,blocked,inf
50,7,blocked,inf
51,7,blocked,inf
52,7,blocked,inf
53,7,blocked,inf
54,7,blocked,inf
55,7,blocked,inf
56,7,blocked,inf
57,7,blocked,inf
58,7,blocked,inf
59,7,blocked,inf
60,7,blocked,inf
61,7,blocked,inf
62,7,no_path,inf
63,7,blocked,inf
64,7,blocked,inf
65,7,blocked,inf
66,7,blocked,inf
67,7,blocked,inf
68,7,no_path,inf
69,7,blocked,inf
70,7,blocked,inf
71,7,blocked,inf
72,7,blocked,inf
73,7,blocked,inf
74,7,blocked,inf
75,7,no_path,inf
76,7,blocked,inf
77,7,blocked,inf
78,7,blocked,inf
79,7,no_path,inf
80,7,no_path,inf
81,7,blocked,inf
82,7,blocked,inf
83,7,blocked,inf
84,7,blocked,inf
85,7,blocked,inf
86,7,no_path,inf
87,7,blocked,inf
88,7,blocked,inf
89,7,blocked,inf
90,7,blocked,inf
91,7,blocked,inf
92,7,blocked,inf
93,7,blocked,inf
94,7,no_path,inf
95,7,blocked,inf
96,7,blocked,inf
97,7,no_path,inf
98,7,blocked,inf
99,7,blocked,inf
100,7,blocked,inf
101,7,no_path,inf
102,7,blocked,inf
103,7,blocked,inf
104,7,blocked,inf
105,7,no_path,inf
106,7,blocked,inf
107,7,no_path,inf
108,7,blocked,inf
109,7,blocked,inf
110,7,blocked,inf
111,7,blocked,inf
112,7,blocked,inf
113,7,blocked,inf
114,7,blocked,inf
115,7,blocked,inf
116,7,blocked,inf
117,7,no_path,inf
118,7,blocked,inf
119,7,no_path,inf
120,7,blocked,inf
121,7,no_path,inf
122,7,blocked,inf
123,7,no_path,inf
124,7,blocked,inf
125,7,blocked,inf
126,7,blocked,inf
127,7,blocked,inf
128,7,blocked,inf
129,7,blocked,inf
130,7,blocked,inf
131,7,blocked,inf
132,7,blocked,inf
133,7,blocked,inf
134,7,blocked,inf
135,7,blocked,inf
136,7,blocked,inf
137,7,no_path,inf
138,7,blocked,inf
139,7,blocked,inf
140,7,blocked,inf
141,7,blocked,inf
142,7,blocked,inf
143,7,blocked,inf
144,7,blocked,inf
145,7,no_path,inf
146,7,blocked,inf
147,7,blocked,inf
148,7,blocked,inf
149,7,blocked,inf
150,7,blocked,inf
151,7,blocked,inf
152,7,blocked,inf
153,7,blocked,inf
154,7,blocked,inf
155,7,blocked,inf
156,7,blocked,inf
157,7,blocked,inf
158,7,blocked,inf
159,7,no_path,inf
160,7,blocked,inf
161,7,blocked,inf
162,7,no_path,inf
163,7,blocked,inf
164,7,no_path,inf
165,7,blocked,inf
166,7,no_path,inf
167,7,blocked,inf
168,7,blocked,inf
169,7,no_path,inf
170,7,blocked,inf
171,7,blocked,inf
172,7,blocked,inf
173,7,no_path,inf
174,7,no_path,inf
175,7,blocked,inf
176,7,no_path,inf
177,7,blocked,inf
178,7,no_path,inf
179,7,blocked,inf
180,7,blocked,inf
181,7,blocked,inf
182,7,blocked,inf
183,7,blocked,inf
184,7,blocked,inf
185,7,blocked,inf
186,7,blocked,inf
187,7,blocked,inf
188,7,blocked,inf
189,7,blocked,inf
190,7,blocked,inf
191,7,blocked,inf
192,7,blocked,inf
193,7,blocked,inf
194,7,blocked,inf
195,7,blocked,inf
196,7,blocked,inf
197,7,blocked,inf
198,7,blocked,inf
199,7,blocked,inf
200,7,blocked,inf
201,7,blocked,inf
202,7,blocked,inf
203,7,no_path,inf
204,7,blocked,inf
205,7,blocked,inf
206,7,blocked,inf
207,7,blocked,inf
208,7,no_path,inf
209,7,blocked,inf
210,7,blocked,inf
211,7,blocked,inf
212,7,blocked,inf
213,7,blocked,inf
214,7,blocked,inf
215,7,blocked,inf
216,7,blocked,inf
217,7,no_path,inf
218,7,blocked,inf
219,7,blocked,inf
220,7,blocked,inf
221,7,blocked,inf
222,7,blocked,inf
223,7,no_path,inf
224,7,blocked,inf
225,7,blocked,inf
226,7,blocked,inf
227,7,blocked,inf
228,7,no_path,inf
229,7,blocked,inf
230,7,blocked,inf
231,7,no_path,inf
232,7,no_path,inf
233,7,blocked,inf
234,7,no_path,inf
235,7,blocked,inf
236,7,blocked,inf
237,7,blocked,inf
238,7,blocked,inf
239,7,blocked,inf
240,7,blocked,inf
241,7,blocked,inf
242,7,blocked,inf
243,7,blocked,inf
244,7,blocked,inf
245,7,blocked,inf
246,7,blocked,inf
247,7,blocked,inf
248,7,blocked,inf
249,7,blocked,inf
250,7,blocked,inf
251,7,blocked,inf
252,7,blocked,inf
253,7,blocked,inf
254,7,blocked,inf
255,7,blocked,inf
256,7,blocked,inf
257,7,blocked,inf
258,7,no_path,inf
259,7,blocked,inf
260,7,blocked,inf
261,7,blocked,inf
262,7,blocked,inf
263,7,blocked,inf
264,7,blocked,inf
265,7,blocked,inf
266,7,blocked,inf
267,7,blocked,inf
268,7,blocked,inf
269,7,blocked,inf
270,7,blocked,inf
271,7,blocked,inf
272,7,blocked,inf
273,7,blocked,inf
274,7,no_path,inf
275,7,blocked,inf
276,7,no_path,inf
277,7,blocked,inf
278,7,blocked,inf
279,7,blocked,inf
280,7,blocked,inf
281,7,blocked,inf
282,7,blocked,inf
283,7,blocked,inf
284,7,blocked,inf
285,7,blocked,inf
286,7,blocked,inf
287,7,blocked,inf
288,7,blocked,inf
289,7,blocked,inf
290,7,blocked,inf
291,7,blocked,inf
292,7,blocked,inf
293,7,blocked,inf
294,7,blocked,inf
295,7,blocked,inf
296,7,blocked,inf
297,7,blocked,inf
298,7,blocked,inf
299,7,blocked,inf
0,8,blocked,inf
1,8,no_path,inf
2,8,no_path,inf
3,8,blocked,inf
4,8,blocked,inf
5,8,blocked,inf
6,8,blocked,inf
7,8,no_path,inf
8,8,blocked,inf
9,8,blocked,inf
10,8,blocked,inf
11,8,blocked,inf
12,8,no_path,inf
13,8,blocked,inf
14,8,blocked,inf
15,8,no_path,inf
16,8,blocked,inf
17,8,blocked,inf
18,8,blocked,inf
19,8,blocked,inf
20,8,blocked,inf
21,8,blocked,inf
22,8,blocked,inf
23,8,blocked,inf
24,8,blocked,inf
25,8,blocked,inf
26,8,blocked,inf
27,8,blocked,inf
28,8,blocked,inf
29,8,blocked,inf
30,8,blocked,inf
31,8,blocked,inf
32,8,blocked,inf
33,8,blocked,inf
34,8,blocked,inf
35,8,blocked,inf
36,8,blocked,inf
37,8,blocked,inf
38,8,blocked,inf
39,8,blocked,inf
40,8,blocked,inf
41,8,blocked,inf
42,8,blocked,inf
43,8,blocked,inf
44,8,blocked,inf
45,8,no_path,inf
46,8,blocked,inf
47,8,blocked,inf
48,8,no_path,inf
49,8,blocked,inf
50,8,blocked,inf
51,8,blocked,inf
52,8,blocked,inf
53,8,blocked,inf
54,8,blocked,inf
55,8,blocked,inf
56,8,blocked,inf
57,8,blocked,inf
58,8,blocked,inf
59,8,blocked,inf
60,8,blocked,inf
61,8,blocked,inf
62,8,no_path,inf
63,8,blocked,inf
64,8,blocked,inf
65,8,blocked,inf
66,8,blocked,inf
67,8,blocked,inf
68,8,no_path,inf
69,8,blocked,inf
70,8,blocked,inf
71,8,blocked,inf
72,8,blocked,inf
73,8,blocked,inf
74,8,blocked,inf
75,8,no_path,inf
76,8,blocked,inf
77,8,blocked,inf
78,8,blocked,inf
79,8,no_path,inf
80,8,no_path,inf
81,8,blocked,inf
82,8,blocked,inf
83,8,blocked,inf
84,8,blocked,inf
85,8,blocked,inf
86,8,no_path,inf
87,8,blocked,inf
88,8,blocked,inf
89,8,blocked,inf
90,8,blocked,inf
91,8,blocked,inf
92,8,blocked,inf
93,8,blocked,inf
94,8,no_path,inf
95,8,blocked,inf
96,8,blocked,inf
97,8,no_path,inf
98,8,blocked,inf
99,8,blocked,inf
100,8,blocked,inf
101,8,no_path,inf
102,8,blocked,inf
103,8,blocked,inf
104,8,blocked,inf
105,8,no_path,inf
106,8,blocked,inf
107,8,no_path,inf
108,8,blocked,inf
109,8,blocked,inf
110,8,blocked,inf
111,8,blocked,inf
112,8,blocked,inf
113,8,blocked,inf
114,8,blocked,inf
115,8,blocked,inf
116,8,blocked,inf
117,8,no_path,inf
118,8,blocked,inf
119,8,no_path,inf
120,8,blocked,inf
121,8,no_path,inf
122,8,blocked,inf
123,8,no_path,inf
124,8,blocked,inf
125,8,blocked,inf
126,8,blocked,inf
127,8,blocked,inf
128,8,blocked,inf
129,8,blocked,inf
130,8,blocked,inf
131,8,blocked,inf
132,8,blocked,inf
133,8,blocked,inf
134,8,blocked,inf
135,8,blocked,inf
136,8,blocked,inf
137,8,no_path,inf
138,8,blocked,inf
139,8,blocked,inf
140,8,blocked,inf
141,8,blocked,inf
142,8,blocked,inf
143,8,blocked,inf
144,8,blocked,inf
145,8,no_path,inf
146,8,blocked,inf
147,8,blocked,inf
148,8,blocked,inf
149,8,blocked,inf
150,8,blocked,inf
151,8,blocked,inf
152,8,blocked,inf
153,8,blocked,inf
154,8,blocked,inf
155,8,blocked,inf
156,8,blocked,inf
157,8,blocked,inf
158,8,blocked,inf
159,8,no_path,inf
160,8,blocked,inf
161,8,blocked,inf
162,8,no_path,inf
163,8,blocked,inf
164,8,no_path,inf
165,8,blocked,inf
166,8,no_path,inf
167,8,blocked,inf
168,8,blocked,inf
169,8,no_path,inf
170,8,blocked,inf
171,8,blocked,inf
172,8,blocked,inf
173,8,no_path,inf
174,8,no_path,inf
175,8,blocked,inf
176,8,no_path,inf
177,8,blocked,inf
178,8,no_path,inf
179,8,blocked,inf
180,8,blocked,inf
181,8,blocked,inf
182,8,blocked,inf
183,8,blocked,inf
184,8,blocked,inf
185,8,blocked,inf
186,8,blocked,inf
187,8,blocked,inf
188,8,blocked,inf
189,8,blocked,inf
190,8,blocked,inf
191,8,blocked,inf
192,8,blocked,inf
193,8,blocked,inf
194,8,blocked,inf
195,8,blocked,inf
196,8,blocked,inf
197,8,blocked,inf
198,8,blocked,inf
199,8,blocked,inf
200,8,blocked,inf
201,8,blocked,inf
202,8,blocked,inf
203,8,no_path,inf
204,8,blocked,inf
205,8,blocked,inf
206,8,blocked,inf
207,8,blocked,inf
208,8,no_path,inf
209,8,blocked,inf
210,8,blocked,inf
211,8,blocked,inf
212,8,blocked,inf
213,8,blocked,inf
214,8,blocked,inf
215,8,blocked,inf
216,8,blocked,inf
217,8,no_path,inf
218,8,blocked,inf
219,8,blocked,inf
220,8,blocked,inf
221,8,blocked,inf
222,8,blocked,inf
223,8,no_path,inf
224,8,blocked,inf
225,8,blocked,inf
226,8,blocked,inf
227,8,blocked,inf
228,8,no_path,inf
229,8,blocked,inf
230,8,blocked,inf
231,8,no_path,inf
232,8,no_path,inf
233,8,blocked,inf
234,8,no_path,inf
235,8,blocked,inf
236,8,blocked,inf
237,8,blocked,inf
238,8,blocked,inf
239,8,blocked,inf
240,8,blocked,inf
241,8,blocked,inf
242,8,blocked,inf
243,8,blocked,inf
244,8,blocked,inf
245,8,blocked,inf
246,8,blocked,inf
247,8,blocked,inf
248,8,blocked,inf
249,8,blocked,inf
250,8,blocked,inf
251,8,blocked,inf
252,8,blocked,inf
253,8,blocked,inf
254,8,blocked,inf
255,8,blocked,inf
256,8,blocked,inf
257,8,blocked,inf
258,8,no_path,inf
259,8,blocked,inf
260,8,blocked,inf
261,8,blocked,inf
262,8,blocked,inf
263,8,blocked,inf
264,8,blocked,inf
265,8,blocked,inf
266,8,blocked,inf
267,8,blocked,inf
268,8,blocked,inf
269,8,blocked,inf
270,8,blocked,inf
271,8,blocked,inf
272,8,blocked,inf
273,8,blocked,inf
274,8,no_path,inf
275,8,blocked,inf
276,8,no_path,inf
277,8,blocked,inf
278,8,blocked,inf
279,8,blocked,inf
280,8,blocked,inf
281,8,blocked,inf
282,8,blocked,inf
283,8,blocked,inf
284,8,blocked,inf
285,8,blocked,inf
286,8,blocked,inf
287,8,blocked,inf
288,8,blocked,inf
289,8,blocked,inf
290,8,blocked,inf
291,8,blocked,inf
292,8,blocked,inf
293,8,blocked,inf
294,8,blocked,inf
295,8,blocked,inf
296,8,blocked,inf
297,8,blocked,inf
298,8,blocked,inf
299,8,blocked,inf
